{"region": {"mena": 0.026995700537161195, "other_ethnicity": 0.02165318957771788, "pasifika": 0.16606177172641362, "asian": 0.31281761512020023, "nz_european": 0.9067413981005761, "m\u0101ori": 0.6635071090047393, "lgbt": 0.07577684759063544, "non_lgbt": 0.9662162162162162, "christian": 0.34930509524378717, "islam": 0.029038579257536737, "judaism": 0.004739336492890996, "no_religion": 0.6139394882972651, "chinese": 0.11740757241534187, "indian": 0.10612465182319682, "filipino": 0.02908928901300705, "other_asian": 0.06405185434709379}, "territorial": {"mena": 0.0530245983935743, "other_ethnicity": 0.041666666666666664, "pasifika": 0.2650012616704517, "asian": 0.31281761512020023, "nz_european": 0.9209310750837787, "m\u0101ori": 0.6862745098039216, "lgbt": 0.1131734743269911, "non_lgbt": 0.9767911200807265, "christian": 0.391555862545329, "islam": 0.041666666666666664, "judaism": 0.004901960784313725, "no_religion": 0.6561872489959839, "chinese": 0.11740757241534187, "indian": 0.10612465182319682, "filipino": 0.04619236746675876, "other_asian": 0.06405185434709379}, "sa3": {"mena": 0.08986982033223494, "other_ethnicity": 0.02579278867526369, "pasifika": 0.6855021510494278, "asian": 0.7229914592211839, "nz_european": 0.9681379821958486, "m\u0101ori": 0.8306525191675862, "lgbt": 0.21407755044177162, "non_lgbt": 0.9914950495049513, "christian": 0.6713266585030104, "islam": 0.11387645045145159, "judaism": 0.011291354581673489, "no_religion": 0.7192178454999022, "chinese": 0.4517132851757712, "indian": 0.38140203701486786, "filipino": 0.1159888735616703, "other_asian": 0.19682146850354118}, "sa2": {"mena": 0.1414479459555551, "other_ethnicity": 0.048740909090910965, "pasifika": 0.8024076146969996, "asian": 0.8176575233635092, "nz_european": 0.9647522922532672, "m\u0101ori": 0.9287628407460584, "lgbt": 0.22978077692088353, "non_lgbt": 1.0, "christian": 0.6927763654151906, "islam": 0.186952683028287, "judaism": 0.014636824756139323, "no_religion": 0.7458513824884854, "chinese": 0.5108108103107393, "indian": 0.4617005497236525, "filipino": 0.16273683054199464, "other_asian": 0.22288235840432927}}